{
  "intents": [
    { "intent": "LaunchIntent" }
    ,{ "intent": "AMAZON.HelpIntent" }
    ,{ "intent": "AMAZON.CancelIntent" }
    ,{ "intent": "AMAZON.StartOverIntent" }
    ,{ "intent": "AMAZON.StopIntent" }
    ,{ "intent": "AMAZON.YesIntent" }
    ,{ "intent": "AMAZON.NoIntent" }
    ,{
      "intent": "BuyIntent",
      "slots": [
        {
          "name": "acresCnt",
          "type": "AMAZON.NUMBER"
        }
      ]
    },{
      "intent": "SellIntent",
      "slots": [{
        "name": "acresCnt",
        "type": "AMAZON.NUMBER"
      }]
    },
    { "intent": "BuyWithRestIntent" },
    {
      "intent": "FeedPeopleIntent",
      "slots": [
        {
          "name": "peopleCnt",
          "type": "AMAZON.NUMBER"
        }
      ]
    },{ "intent": "FeedEveryoneIntent" },
    { "intent": "FeedNoOneIntent" },
    {
      "intent": "PlantIntent",
      "slots": [
        {
          "name": "plantCnt",
          "type": "AMAZON.NUMBER"
        }
      ]
    }
    , { "intent": "PlantAllIntent" }
    , { "intent": "PlantNothingIntent" }
    , { "intent": "AMAZON.RepeatIntent" }
    , { "intent": "NextYearIntent" }
    , { "intent": "ActionsQueryIntent" }
    , { "intent": "AcresCostQueryIntent" }
    , { "intent": "AcresQueryIntent" }
    , { "intent": "PopulationQueryIntent" }
    , { "intent": "WaitIntent" }
  ]
}
